Workbook

Sheet Tv-listen
A1: Mærke | B1: Serie | C1: Navn | D1: Modelkoder | E1: Tommer | F1: Årgang | G1: Højde (cm) | H1: VESA bredde (mm) | I1: VESA højde (mm) | J1: Nederste hul over underkant (cm) | K1: Øverste hul over underkant (cm) | L1: Kildetype | M1: Kilde | N1: Kildetekst
A2: Hisense | B2: E7KQ | C2: E7KQ (2023) | D2: 43E7KQ, 43E7KQTUK | E2: 43 | F2: 2023 | G2: 56 | H2: 200 | I2: 300 | J2: 12 | K2: =IF(ISNUMBER(J2),J2+I2/10,"") | L2: kundemålt | N2: Kollegamålt 24/9-2026: VESA 200×300 mm, nederste hul 12 cm fra underkant. Højden 56 cm er anslået ud fra 43″, ikke målt.
A3: LG | B3: LR65 | C3: LR65 (2023) | D3: LG LR65 32″ 2023 | E3: 32 | F3: 2023 | G3: 42.8 | H3: 200 | I3: 200 | J3: 11.1 | K3: =IF(ISNUMBER(J3),J3+I3/10,"") | L3: producentens mål | M3: LG-tegning 2023 | N3: LG's officielle bagside-tegning 2023: X1 = 111 mm. Højden er regnet som X1 + VESA + W (ca. 1 cm usikkerhed).
A4: LG | B4: NANO73/NANO75/NANO77 | C4: NANO73/NANO75/NANO77 (2023) | D4: LG NANO73/NANO75/NANO77 86″ 2023 | E4: 86 | F4: 2023 | G4: 110.2 | H4: 600 | I4: 400 | J4: 27 | K4: =IF(ISNUMBER(J4),J4+I4/10,"") | L4: producentens mål | M4: LG-tegning 2023 | N4: LG's officielle bagside-tegning 2023: X1 = 270 mm. Højden er regnet som X1 + VESA + W (ca. 1 cm usikkerhed).
A5: LG | B5: NANO73/NANO75/NANO77 | C5: NANO73/NANO75/NANO77 (2023) | D5: LG NANO73/NANO75/NANO77 75″ 2023 | E5: 75 | F5: 2023 | G5: 96.2 | H5: 400 | I5: 400 | J5: 27.7 | K5: =IF(ISNUMBER(J5),J5+I5/10,"") | L5: producentens mål | M5: LG-tegning 2023 | N5: LG's officielle bagside-tegning 2023: X1 = 277 mm. Højden er regnet som X1 + VESA + W (ca. 1 cm usikkerhed).
A6: LG | B6: NANO73/NANO75/NANO77 | C6: NANO73/NANO75/NANO77 (2023) | D6: LG NANO73/NANO75/NANO77 70″ 2023 | E6: 70 | F6: 2023 | G6: 90.5 | H6: 400 | I6: 400 | J6: 24 | K6: =IF(ISNUMBER(J6),J6+I6/10,"") | L6: producentens mål | M6: LG-tegning 2023 | N6: LG's officielle bagside-tegning 2023: X1 = 240 mm. Højden er regnet som X1 + VESA + W (ca. 1 cm usikkerhed).
A7: LG | B7: NANO73/NANO75/NANO77 | C7: NANO73/NANO75/NANO77 (2023) | D7: LG NANO73/NANO75/NANO77 65″ 2023 | E7: 65 | F7: 2023 | G7: 83.5 | H7: 300 | I7: 300 | J7: 15.9 | K7: =IF(ISNUMBER(J7),J7+I7/10,"") | L7: producentens mål | M7: LG-tegning 2023 | N7: LG's officielle bagside-tegning 2023: X1 = 159 mm. Højden er regnet som X1 + VESA + W (ca. 1 cm usikkerhed).
A8: LG | B8: NANO73/NANO75/NANO77 | C8: NANO73/NANO75/NANO77 (2023) | D8: LG NANO73/NANO75/NANO77 55″ 2023 | E8: 55 | F8: 2023 | G8: 71.2 | H8: 300 | I8: 300 | J8: 15.9 | K8: =IF(ISNUMBER(J8),J8+I8/10,"") | L8: producentens mål | M8: LG-tegning 2023 | N8: LG's officielle bagside-tegning 2023: X1 = 159 mm. Højden er regnet som X1 + VESA + W (ca. 1 cm usikkerhed).
A9: LG | B9: NANO73/NANO75/NANO77 | C9: NANO73/NANO75/NANO77 (2023) | D9: LG NANO73/NANO75/NANO77 50″ 2023 | E9: 50 | F9: 2023 | G9: 64.9 | H9: 200 | I9: 200 | J9: 22.5 | K9: =IF(ISNUMBER(J9),J9+I9/10,"") | L9: producentens mål | M9: LG-tegning 2023 | N9: LG's officielle bagside-tegning 2023: X1 = 225 mm. Højden er regnet som X1 + VESA + W (ca. 1 cm usikkerhed).
A10: LG | B10: NANO73/NANO75/NANO77 | C10: NANO73/NANO75/NANO77 (2023) | D10: LG NANO73/NANO75/NANO77 43″ 2023 | E10: 43 | F10: 2023 | G10: 56.2 | H10: 200 | I10: 200 | J10: 21.3 | K10: =IF(ISNUMBER(J10),J10+I10/10,"") | L10: producentens mål | M10: LG-tegning 2023 | N10: LG's officielle bagside-tegning 2023: X1 = 213 mm. Højden er regnet som X1 + VESA + W (ca. 1 cm usikkerhed).
A11: LG | B11: NANO75 | C11: NanoCell 4K NANO75 | D11: 55NANO756QA, 55NANO759QA, 55NANO756QC | E11: 55 | F11: 2022 | G11: 70.5 | H11: 300 | I11: 300 | K11: =IF(ISNUMBER(J11),J11+I11/10,"") | L11: estimat
A12: LG | B12: NANO76 | C12: NANO76 | D12: 86NANO766QA, 86NANO769QA | E12: 86 | F12: 2022 | G12: 110.4 | H12: 600 | I12: 400 | K12: =IF(ISNUMBER(J12),J12+I12/10,"") | L12: estimat
A13: LG | B13: NANO76 | C13: NANO76 | D13: 75NANO766QA, 75NANO769QA | E13: 75 | F13: 2022 | G13: 96.4 | H13: 400 | I13: 400 | K13: =IF(ISNUMBER(J13),J13+I13/10,"") | L13: estimat
A14: LG | B14: NANO76 | C14: NANO76 | D14: 65NANO766QA, 65NANO769QA | E14: 65 | F14: 2022 | G14: 83.8 | H14: 300 | I14: 300 | K14: =IF(ISNUMBER(J14),J14+I14/10,"") | L14: estimat
A15: LG | B15: NANO76 | C15: NANO76 | D15: 55NANO766QA, 55NANO766QA--BUNDLE1, 55NANO769QA, 55NANO766QA--BUNDLE | E15: 55 | F15: 2022 | G15: 71.5 | H15: 300 | I15: 300 | J15: 15.8 | K15: =IF(ISNUMBER(J15),J15+I15/10,"") | L15: billedmålt | M15: LG | N15: Billedmålt på LG-foto: nederste VESA-hul 15,8 cm fra underkant, målt ud fra VESA 300×300 som skala. Usikkerhed ca. ±1 cm.
A16: LG | B16: NANO76 | C16: NANO76 | D16: 50NANO766QA, 50NANO769QA | E16: 50 | F16: 2022 | G16: 65.1 | H16: 200 | I16: 200 | K16: =IF(ISNUMBER(J16),J16+I16/10,"") | L16: estimat
A17: LG | B17: NANO76 | C17: NANO76 | D17: 43NANO766QA, 43NANO769QA | E17: 43 | F17: 2022 | G17: 56.4 | H17: 200 | I17: 200 | K17: =IF(ISNUMBER(J17),J17+I17/10,"") | L17: estimat
A18: LG | B18: NANO80 | C18: NANO80 | D18: 75NANO80A6B | E18: 75 | F18: 2026 | G18: 96.4 | H18: 400 | I18: 400 | K18: =IF(ISNUMBER(J18),J18+I18/10,"") | L18: estimat
A19: LG | B19: NANO80 | C19: NANO80 | D19: 65NANO80A6B | E19: 65 | F19: 2026 | G19: 83.8 | H19: 300 | I19: 300 | J19: 15.9 | K19: =IF(ISNUMBER(J19),J19+I19/10,"") | L19: billedmålt | M19: Which? | N19: Billedmålt på Which?-foto (lg-65nano80a6b): nederste VESA-hul 15,9 cm fra underkant, målt ud fra VESA 300×300 som skala. Usikkerhed ca. ±1 cm. Billedkontrol (LG): 16,1 cm.
A20: LG | B20: NANO80 | C20: NANO80 | D20: 55NANO80A6B | E20: 55 | F20: 2026 | G20: 71.5 | H20: 300 | I20: 300 | J20: 15.9 | K20: =IF(ISNUMBER(J20),J20+I20/10,"") | L20: billedmålt | M20: Which? | N20: Billedmålt på Which?-foto (lg-55nano80a6b): nederste VESA-hul 15,9 cm fra underkant, målt ud fra VESA 300×300 som skala. Usikkerhed ca. ±1 cm. Billedkontrol (LG): 16 cm.
A21: LG | B21: NANO80 | C21: NANO80 | D21: 50NANO80A6B | E21: 50 | F21: 2026 | G21: 65.1 | H21: 200 | I21: 200 | J21: 22.4 | K21: =IF(ISNUMBER(J21),J21+I21/10,"") | L21: billedmålt | M21: Which? | N21: Billedmålt på Which?-foto (lg-50nano80a6b): nederste VESA-hul 22,4 cm fra underkant, målt ud fra VESA 200×200 som skala. Usikkerhed ca. ±1 cm. Billedkontrol (LG): 22,5 cm.
A22: LG | B22: NANO80 | C22: NANO80 | D22: 43NANO80A6B | E22: 43 | F22: 2026 | G22: 56.4 | H22: 200 | I22: 200 | J22: 21.2 | K22: =IF(ISNUMBER(J22),J22+I22/10,"") | L22: billedmålt | M22: Which? | N22: Billedmålt på Which?-foto (lg-43nano80a6b): nederste VESA-hul 21,2 cm fra underkant, målt ud fra VESA 200×200 som skala. Usikkerhed ca. ±1 cm. Billedkontrol (LG): 21,4 cm.
A23: LG | B23: NANO81 | C23: NANO81 | D23: 86NANO81T6A | E23: 86 | F23: 2024 | G23: 110.4 | H23: 600 | I23: 400 | K23: =IF(ISNUMBER(J23),J23+I23/10,"") | L23: estimat
A24: LG | B24: NANO81 | C24: NANO81 | D24: 86NANO81A6A | E24: 86 | F24: 2025 | G24: 110.4 | H24: 600 | I24: 400 | K24: =IF(ISNUMBER(J24),J24+I24/10,"") | L24: estimat
A25: LG | B25: NANO81 | C25: NANO81 | D25: 75NANO816QA, 75NANO819QA | E25: 75 | F25: 2022 | G25: 96.4 | H25: 400 | I25: 400 | K25: =IF(ISNUMBER(J25),J25+I25/10,"") | L25: estimat
A26: LG | B26: NANO81 | C26: NANO81 | D26: 75NANO81T6A | E26: 75 | F26: 2024 | G26: 96.4 | H26: 400 | I26: 400 | K26: =IF(ISNUMBER(J26),J26+I26/10,"") | L26: estimat
A27: LG | B27: NANO81 | C27: NANO81 | D27: 75NANO81A6A | E27: 75 | F27: 2025 | G27: 96.4 | H27: 400 | I27: 400 | K27: =IF(ISNUMBER(J27),J27+I27/10,"") | L27: estimat
A28: LG | B28: NANO81 | C28: NANO81 | D28: 65NANO816QA, 65NANO819QA | E28: 65 | F28: 2022 | G28: 83.8 | H28: 300 | I28: 300 | K28: =IF(ISNUMBER(J28),J28+I28/10,"") | L28: estimat
A29: LG | B29: NANO81 | C29: NANO81 | D29: 65NANO81T6A | E29: 65 | F29: 2024 | G29: 83.8 | H29: 300 | I29: 300 | K29: =IF(ISNUMBER(J29),J29+I29/10,"") | L29: estimat
A30: LG | B30: NANO81 | C30: NANO81 | D30: 65NANO81A6A | E30: 65 | F30: 2025 | G30: 83.8 | H30: 300 | I30: 300 | J30: 15.9 | K30: =IF(ISNUMBER(J30),J30+I30/10,"") | L30: billedmålt | M30: Which? | N30: Billedmålt på Which?-foto (lg-65nano81a6a): nederste VESA-hul 15,9 cm fra underkant, målt ud fra VESA 300×300 som skala. Usikkerhed ca. ±1 cm.
A31: LG | B31: NANO81 | C31: NANO81 | D31: 55NANO816QA, 55NANO819QA | E31: 55 | F31: 2022 | G31: 71.5 | H31: 300 | I31: 300 | K31: =IF(ISNUMBER(J31),J31+I31/10,"") | L31: estimat
A32: LG | B32: NANO81 | C32: NANO81 | D32: 55NANO81T6A | E32: 55 | F32: 2024 | G32: 71.5 | H32: 300 | I32: 300 | J32: 15.9 | K32: =IF(ISNUMBER(J32),J32+I32/10,"") | L32: billedmålt | M32: MediaMarkt | N32: Billedmålt på MediaMarkt-foto (foto af 55NANO81T6AA): nederste VESA-hul 15,9 cm fra underkant, målt ud fra VESA 300×300 som skala. Usikkerhed ca. ±1 cm. Billedkontrol (LG): 15,9 cm.
A33: LG | B33: NANO81 | C33: NANO81 | D33: 55NANO81A6A | E33: 55 | F33: 2025 | G33: 71.5 | H33: 300 | I33: 300 | J33: 15.9 | K33: =IF(ISNUMBER(J33),J33+I33/10,"") | L33: billedmålt | M33: Which? | N33: Billedmålt på Which?-foto (lg-55nano81a6a): nederste VESA-hul 15,9 cm fra underkant, målt ud fra VESA 300×300 som skala. Usikkerhed ca. ±1 cm.
A34: LG | B34: NANO81 | C34: NANO81 | D34: 50NANO816QA, 50NANO819QA | E34: 50 | F34: 2022 | G34: 65.1 | H34: 200 | I34: 200 | K34: =IF(ISNUMBER(J34),J34+I34/10,"") | L34: estimat
A35: LG | B35: NANO81 | C35: NANO81 | D35: 50NANO81T6A | E35: 50 | F35: 2024 | G35: 65.1 | H35: 200 | I35: 200 | K35: =IF(ISNUMBER(J35),J35+I35/10,"") | L35: estimat
A36: LG | B36: NANO81 | C36: NANO81 | D36: 50NANO81A6A | E36: 50 | F36: 2025 | G36: 65.1 | H36: 200 | I36: 200 | J36: 22.4 | K36: =IF(ISNUMBER(J36),J36+I36/10,"") | L36: billedmålt | M36: Which? | N36: Billedmålt på Which?-foto (lg-50nano81a6a): nederste VESA-hul 22,4 cm fra underkant, målt ud fra VESA 200×200 som skala. Usikkerhed ca. ±1 cm.
A37: LG | B37: NANO81 | C37: NANO81 | D37: 43NANO81T6A | E37: 43 | F37: 2024 | G37: 56.4 | H37: 200 | I37: 200 | K37: =IF(ISNUMBER(J37),J37+I37/10,"") | L37: estimat
A38: LG | B38: NANO81 | C38: NANO81 | D38: 43NANO81A6A | E38: 43 | F38: 2025 | G38: 56.4 | H38: 200 | I38: 200 | J38: 21.2 | K38: =IF(ISNUMBER(J38),J38+I38/10,"") | L38: billedmålt | M38: Which? | N38: Billedmålt på Which?-foto (lg-43nano81a6a): nederste VESA-hul 21,2 cm fra underkant, målt ud fra VESA 200×200 som skala. Usikkerhed ca. ±1 cm.
A39: LG | B39: NANO82 | C39: NANO82 | D39: 75NANO82T6B | E39: 75 | F39: 2026 | G39: 96.4 | H39: 400 | I39: 400 | K39: =IF(ISNUMBER(J39),J39+I39/10,"") | L39: estimat
A40: LG | B40: NANO82 | C40: NANO82 | D40: 65NANO82T6B | E40: 65 | F40: 2026 | G40: 83.8 | H40: 300 | I40: 300 | K40: =IF(ISNUMBER(J40),J40+I40/10,"") | L40: estimat
A41: LG | B41: NANO82 | C41: NANO82 | D41: 55NANO82T6B | E41: 55 | F41: 2026 | G41: 71.5 | H41: 300 | I41: 300 | J41: 15.8 | K41: =IF(ISNUMBER(J41),J41+I41/10,"") | L41: billedmålt | M41: Icecat | N41: Billedmålt på Icecat-foto: nederste VESA-hul 15,8 cm fra underkant, målt ud fra VESA 300×300 som skala. Usikkerhed ca. ±1 cm. Billedkontrol (LG): 15,8 cm.
A42: LG | B42: NANO82 | C42: NANO82 | D42: 50NANO82T6B | E42: 50 | F42: 2026 | G42: 65.1 | H42: 200 | I42: 200 | K42: =IF(ISNUMBER(J42),J42+I42/10,"") | L42: estimat
A43: LG | B43: NANO82 | C43: NANO82 | D43: 43NANO82T6B | E43: 43 | F43: 2026 | G43: 56.4 | H43: 200 | I43: 200 | K43: =IF(ISNUMBER(J43),J43+I43/10,"") | L43: estimat
A44: LG | B44: NANO90 | C44: NANO90 | D44: 75NANO90A6B | E44: 75 | F44: 2026 | G44: 96.5 | H44: 400 | I44: 300 | J44: 36 | K44: =IF(ISNUMBER(J44),J44+I44/10,"") | L44: billedmålt | M44: LG | N44: Billedmålt på LG-foto: nederste VESA-hul 36 cm fra underkant, målt ud fra VESA 400×300 som skala. Usikkerhed ca. ±1 cm.
A45: LG | B45: NANO90 | C45: NANO90 | D45: 65NANO90A6B | E45: 65 | F45: 2026 | G45: 84 | H45: 300 | I45: 300 | J45: 31.8 | K45: =IF(ISNUMBER(J45),J45+I45/10,"") | L45: billedmålt | M45: LG | N45: Billedmålt på LG-foto: nederste VESA-hul 31,8 cm fra underkant, målt ud fra VESA 300×300 som skala. Usikkerhed ca. ±1 cm.
A46: LG | B46: NANO90 | C46: NANO90 | D46: 55NANO90A6B | E46: 55 | F46: 2026 | G46: 71.6 | H46: 300 | I46: 300 | J46: 28.4 | K46: =IF(ISNUMBER(J46),J46+I46/10,"") | L46: billedmålt | M46: LG | N46: Billedmålt på LG-foto: nederste VESA-hul 28,4 cm fra underkant, målt ud fra VESA 300×300 som skala. Usikkerhed ca. ±1 cm.
A47: LG | B47: NANO90 | C47: NANO90 | D47: 50NANO90A6B | E47: 50 | F47: 2026 | G47: 65.2 | H47: 200 | I47: 200 | J47: 30.8 | K47: =IF(ISNUMBER(J47),J47+I47/10,"") | L47: billedmålt | M47: LG | N47: Billedmålt på LG-foto: nederste VESA-hul 30,8 cm fra underkant, målt ud fra VESA 200×200 som skala. Usikkerhed ca. ±1 cm.
A48: LG | B48: NANO90 | C48: NANO90 | D48: 43NANO90A6B | E48: 43 | F48: 2026 | G48: 56.5 | H48: 200 | I48: 200 | J48: 21.1 | K48: =IF(ISNUMBER(J48),J48+I48/10,"") | L48: billedmålt | M48: LG | N48: Billedmålt på LG-foto: nederste VESA-hul 21,1 cm fra underkant, målt ud fra VESA 200×200 som skala. Usikkerhed ca. ±1 cm.
A49: LG | B49: OLED 65″ (uidentificeret) | C49: LG OLED 65″, kundeoplyst C-serie, VESA 300×300 | D49: LG OLED 65 300x300 kundemålt | E49: 65 | F49: 2024 | G49: 83.8 | H49: 300 | I49: 300 | J49: 13 | K49: =IF(ISNUMBER(J49),J49+I49/10,"") | L49: kundemålt | N49: Kundemålt 16/9-2026 (huller 13 og 43 cm fra underkant, 83,8 cm høj, VESA 300×300). Modellen er uafklaret: C4/C5 65″ har VESA 300×200 og hullerne 22 cm oppe, så dette er et andet LG-tv.
A50: LG | B50: OLED A2 | C50: OLED A26 | D50: OLED65A26LA, OLED65A29LA | E50: 65 | F50: 2022 | G50: 83.2 | H50: 300 | I50: 200 | K50: =IF(ISNUMBER(J50),J50+I50/10,"") | L50: estimat
A51: LG | B51: OLED A2 | C51: OLED A26 | D51: OLED55A26LA, OLED55A29LA | E51: 55 | F51: 2022 | G51: 70.8 | H51: 300 | I51: 200 | J51: 13.6 | K51: =IF(ISNUMBER(J51),J51+I51/10,"") | L51: billedmålt | M51: LG | N51: Billedmålt på LG-foto: nederste VESA-hul 13,6 cm fra underkant, målt ud fra VESA 300×200 som skala. Usikkerhed ca. ±1 cm.
A52: LG | B52: OLED A2 | C52: OLED A26 | D52: OLED48A26LA, OLED48A29LA | E52: 48 | F52: 2022 | G52: 62 | H52: 300 | I52: 200 | J52: 13.6 | K52: =IF(ISNUMBER(J52),J52+I52/10,"") | L52: billedmålt | M52: LG | N52: Billedmålt på LG-foto: nederste VESA-hul 13,6 cm fra underkant, målt ud fra VESA 300×200 som skala. Usikkerhed ca. ±1 cm.
A53: LG | B53: OLED A3 | C53: OLED A3 (2023) | D53: LG OLED A3 77″ 2023 | E53: 77 | F53: 2023 | G53: 98.3 | H53: 300 | I53: 200 | J53: 19.3 | K53: =IF(ISNUMBER(J53),J53+I53/10,"") | L53: producentens mål | M53: LG-tegning 2023 | N53: LG's officielle bagside-tegning 2023: X1 = 193 mm. Højden er regnet som X1 + VESA + W (ca. 1 cm usikkerhed).
A54: LG | B54: OLED A3 | C54: OLED A3 (2023) | D54: LG OLED A3 65″ 2023 | E54: 65 | F54: 2023 | G54: 82.6 | H54: 300 | I54: 200 | J54: 14.3 | K54: =IF(ISNUMBER(J54),J54+I54/10,"") | L54: producentens mål | M54: LG-tegning 2023 | N54: LG's officielle bagside-tegning 2023: X1 = 143 mm. Højden er regnet som X1 + VESA + W (ca. 1 cm usikkerhed).
A55: LG | B55: OLED A3 | C55: OLED A3 (2023) | D55: LG OLED A3 55″ 2023 | E55: 55 | F55: 2023 | G55: 70.2 | H55: 300 | I55: 200 | J55: 14.3 | K55: =IF(ISNUMBER(J55),J55+I55/10,"") | L55: producentens mål | M55: LG-tegning 2023 | N55: LG's officielle bagside-tegning 2023: X1 = 143 mm. Højden er regnet som X1 + VESA + W (ca. 1 cm usikkerhed).
A56: LG | B56: OLED A3 | C56: OLED A3 (2023) | D56: LG OLED A3 48″ 2023 | E56: 48 | F56: 2023 | G56: 61.4 | H56: 300 | I56: 200 | J56: 14.3 | K56: =IF(ISNUMBER(J56),J56+I56/10,"") | L56: producentens mål | M56: LG-tegning 2023 | N56: LG's officielle bagside-tegning 2023: X1 = 143 mm. Højden er regnet som X1 + VESA + W (ca. 1 cm usikkerhed).
A57: LG | B57: OLED B2 | C57: OLED B26 | D57: OLED77B26LA, OLED77B29LA, OLED77B23LA | E57: 77 | F57: 2022 | G57: 98.9 | H57: 400 | I57: 200 | K57: =IF(ISNUMBER(J57),J57+I57/10,"") | L57: estimat | N57: VESA 300×200 → 400×200 efter LG's produktside.
A58: LG | B58: OLED B2 | C58: OLED B26 | D58: OLED65B26LA, OLED65B29LA, OLED65B23LA | E58: 65 | F58: 2022 | G58: 83.2 | H58: 300 | I58: 200 | J58: 14.2 | K58: =IF(ISNUMBER(J58),J58+I58/10,"") | L58: billedmålt | M58: Icecat | N58: Billedmålt på Icecat-foto: nederste VESA-hul 14,2 cm fra underkant, målt ud fra VESA 300×200 som skala. Usikkerhed ca. ±1 cm. Billedkontrol (LG): 14,1 cm.
A59: LG | B59: OLED B2 | C59: OLED B26 | D59: OLED55B26LA, OLED55B23LA, OLED55B29LA | E59: 55 | F59: 2022 | G59: 70.8 | H59: 300 | I59: 200 | J59: 14.2 | K59: =IF(ISNUMBER(J59),J59+I59/10,"") | L59: billedmålt | M59: Icecat | N59: Billedmålt på Icecat-foto: nederste VESA-hul 14,2 cm fra underkant, målt ud fra VESA 300×200 som skala. Usikkerhed ca. ±1 cm. Billedkontrol (LG): 14,1 cm.
A60: LG | B60: OLED B3 | C60: OLED B36 | D60: OLED77B36LA, OLED77B39LA | E60: 77 | F60: 2023 | G60: 99.2 | H60: 400 | I60: 200 | J60: 20.7 | K60: =IF(ISNUMBER(J60),J60+I60/10,"") | L60: producentens mål | M60: LG-tegning 2023 | N60: Hulplacering fra LG's officielle bagside-tegning 2023 (OLEDB3 77″, X1 = 207 mm). Højde og VESA fra LG's side. Billedkontrol (LG): 19,9 cm.
A61: LG | B61: OLED B3 | C61: OLED B36 | D61: OLED65B36LA, OLED65B39LA | E61: 65 | F61: 2023 | G61: 83.2 | H61: 300 | I61: 200 | J61: 14.4 | K61: =IF(ISNUMBER(J61),J61+I61/10,"") | L61: producentens mål | M61: LG-tegning 2023 | N61: Hulplacering fra LG's officielle bagside-tegning 2023 (OLEDB3 65″, X1 = 144 mm). Højde og VESA fra LG's side. Billedkontrol (LG): 14,2 cm.
A62: LG | B62: OLED B3 | C62: OLED B36 | D62: OLED55B36LA, OLED55B39LA | E62: 55 | F62: 2023 | G62: 70.8 | H62: 300 | I62: 200 | J62: 14.4 | K62: =IF(ISNUMBER(J62),J62+I62/10,"") | L62: producentens mål | M62: LG-tegning 2023 | N62: Hulplacering fra LG's officielle bagside-tegning 2023 (OLEDB3 55″, X1 = 144 mm). Højde og VESA fra LG's side. Billedkontrol (Icecat): 14,2 cm. Billedkontrol (LG): 14,2 cm.
A63: LG | B63: OLED B4 | C63: OLED B46 | D63: OLED83B46LA, OLED83B49LA | E63: 83 | F63: 2024 | G63: 106.2 | H63: 400 | I63: 400 | J63: 10.6 | K63: =IF(ISNUMBER(J63),J63+I63/10,"") | L63: billedmålt | M63: LG | N63: Billedmålt på LG-foto: nederste VESA-hul 10,6 cm fra underkant, målt ud fra VESA 400×400 som skala. Usikkerhed ca. ±1 cm.
A64: LG | B64: OLED B4 | C64: OLED B42 | D64: OLED77B42LA | E64: 77 | F64: 2024 | G64: 98.9 | H64: 300 | I64: 200 | J64: 18.7 | K64: =IF(ISNUMBER(J64),J64+I64/10,"") | L64: samme bagside | M64: Icecat | N64: Samme serie, årgang, størrelse og VESA som OLED77B4ELA (18,7 cm). Regional variant med samme bagside.
A65: LG | B65: OLED B4 | C65: OLED B46 | D65: OLED77B46LA | E65: 77 | F65: 2024 | G65: 98.9 | H65: 300 | I65: 200 | J65: 18.7 | K65: =IF(ISNUMBER(J65),J65+I65/10,"") | L65: billedmålt | M65: Icecat | N65: Billedmålt på Icecat-foto: nederste VESA-hul 18,7 cm fra underkant, målt ud fra VESA 300×200 som skala. Usikkerhed ca. ±1 cm.
A66: LG | B66: OLED B4 | C66: OLED B4 | D66: OLED77B4ELA, OLED77B49LA, OLED77B4SC9 | E66: 77 | F66: 2024 | G66: 98.9 | H66: 300 | I66: 200 | J66: 18.7 | K66: =IF(ISNUMBER(J66),J66+I66/10,"") | L66: billedmålt | M66: Icecat | N66: Billedmålt på Icecat-foto: nederste VESA-hul 18,7 cm fra underkant, målt ud fra VESA 300×200 som skala. Usikkerhed ca. ±1 cm. Billedkontrol (LG): 18,7 cm.
A67: LG | B67: OLED B4 | C67: OLED B42 | D67: OLED65B42LA | E67: 65 | F67: 2024 | G67: 83.2 | H67: 300 | I67: 200 | K67: =IF(ISNUMBER(J67),J67+I67/10,"") | L67: estimat
A68: LG | B68: OLED B4 | C68: OLED B46 | D68: OLED65B46LA | E68: 65 | F68: 2024 | G68: 83.2 | H68: 300 | I68: 200 | K68: =IF(ISNUMBER(J68),J68+I68/10,"") | L68: estimat
A69: LG | B69: OLED B4 | C69: OLED B4 | D69: OLED65B4ELA, OLED65B49LA, OLED65B4SC9 | E69: 65 | F69: 2024 | G69: 83.2 | H69: 300 | I69: 200 | K69: =IF(ISNUMBER(J69),J69+I69/10,"") | L69: estimat
A70: LG | B70: OLED B4 | C70: OLED B42 | D70: OLED55B42LA | E70: 55 | F70: 2024 | G70: 70.8 | H70: 300 | I70: 200 | J70: 13.7 | K70: =IF(ISNUMBER(J70),J70+I70/10,"") | L70: samme bagside | M70: Icecat | N70: Samme serie, årgang, størrelse og VESA som OLED55B4ELA (13,7 cm). Regional variant med samme bagside.
A71: LG | B71: OLED B4 | C71: OLED B46 | D71: OLED55B46LA | E71: 55 | F71: 2024 | G71: 70.8 | H71: 300 | I71: 200 | J71: 13.6 | K71: =IF(ISNUMBER(J71),J71+I71/10,"") | L71: billedmålt | M71: Icecat | N71: Billedmålt på Icecat-foto: nederste VESA-hul 13,6 cm fra underkant, målt ud fra VESA 300×200 som skala. Usikkerhed ca. ±1 cm.
A72: LG | B72: OLED B4 | C72: OLED B4 | D72: OLED55B4ELA, OLED55B49LA, OLED55B4SC9 | E72: 55 | F72: 2024 | G72: 70.8 | H72: 300 | I72: 200 | J72: 13.7 | K72: =IF(ISNUMBER(J72),J72+I72/10,"") | L72: billedmålt | M72: Icecat | N72: Billedmålt på Icecat-foto: nederste VESA-hul 13,7 cm fra underkant, målt ud fra VESA 300×200 som skala. Usikkerhed ca. ±1 cm. Billedkontrol (LG): 13,6 cm.
A73: LG | B73: OLED B4 | C73: OLED B46 | D73: OLED48B46LA, OLED48B49LA | E73: 48 | F73: 2024 | G73: 62 | H73: 300 | I73: 200 | J73: 13.6 | K73: =IF(ISNUMBER(J73),J73+I73/10,"") | L73: billedmålt | M73: Icecat | N73: Billedmålt på Icecat-foto: nederste VESA-hul 13,6 cm fra underkant, målt ud fra VESA 300×200 som skala. Usikkerhed ca. ±1 cm.
A74: LG | B74: OLED B5 | C74: OLED B56 | D74: OLED83B56LA, OLED83B59LA, OLED83B56 | E74: 83 | F74: 2025 | G74: 105.5 | H74: 400 | I74: 400 | K74: =IF(ISNUMBER(J74),J74+I74/10,"") | L74: estimat
A75: LG | B75: OLED B5 | C75: OLED B56 | D75: OLED77B56LA, OLED77B59LA, OLED77B56 | E75: 77 | F75: 2025 | G75: 98.9 | H75: 300 | I75: 200 | J75: 19.4 | K75: =IF(ISNUMBER(J75),J75+I75/10,"") | L75: billedmålt | M75: Icecat | N75: Billedmålt på Icecat-foto: nederste VESA-hul 19,4 cm fra underkant, målt ud fra VESA 300×200 som skala. Usikkerhed ca. ±1 cm.
A76: LG | B76: OLED B5 | C76: OLED B56 | D76: OLED65B56LA, OLED65B59LA, OLED65B56, OLED65B56LA1 | E76: 65 | F76: 2025 | G76: 83.2 | H76: 300 | I76: 200 | J76: 13.8 | K76: =IF(ISNUMBER(J76),J76+I76/10,"") | L76: billedmålt | M76: Which? | N76: Billedmålt på Which?-foto (lg-oled65b56la): nederste VESA-hul 13,8 cm fra underkant, målt ud fra VESA 300×200 som skala. Usikkerhed ca. ±1 cm.
A77: LG | B77: OLED B5 | C77: OLED B56 | D77: OLED55B56LA, OLED55B59LA, OLED55B56 | E77: 55 | F77: 2025 | G77: 70.8 | H77: 300 | I77: 200 | J77: 13.8 | K77: =IF(ISNUMBER(J77),J77+I77/10,"") | L77: billedmålt | M77: Which? | N77: Billedmålt på Which?-foto (lg-oled55b56la): nederste VESA-hul 13,8 cm fra underkant, målt ud fra VESA 300×200 som skala. Usikkerhed ca. ±1 cm. Billedkontrol (Elgiganten): 14,3 cm.
A78: LG | B78: OLED B5 | C78: OLED B56 | D78: OLED48B56LA, OLED48B59LA | E78: 48 | F78: 2025 | G78: 62 | H78: 300 | I78: 200 | J78: 13.6 | K78: =IF(ISNUMBER(J78),J78+I78/10,"") | L78: billedmålt | M78: Which? | N78: Billedmålt på Which?-foto (lg-oled48b56la): nederste VESA-hul 13,6 cm fra underkant, målt ud fra VESA 300×200 som skala. Usikkerhed ca. ±1 cm. Billedkontrol (LG): 14,3 cm.
A79: LG | B79: OLED B6 | C79: OLED B65 | D79: OLED83B65LA | E79: 83 | F79: 2026 | G79: 105.5 | H79: 400 | I79: 400 | K79: =IF(ISNUMBER(J79),J79+I79/10,"") | L79: estimat
A80: LG | B80: OLED B6 | C80: OLED B6 | D80: OLED83B6ELB, OLED83B66LA, OLED83B68LA, OLED83B6, OLED83B6E | E80: 83 | F80: 2026 | G80: 105.5 | H80: 400 | I80: 400 | K80: =IF(ISNUMBER(J80),J80+I80/10,"") | L80: estimat
A81: LG | B81: OLED B6 | C81: OLED B65 | D81: OLED77B65LA | E81: 77 | F81: 2026 | G81: 98.9 | H81: 300 | I81: 200 | J81: 19.1 | K81: =IF(ISNUMBER(J81),J81+I81/10,"") | L81: billedmålt | M81: Which? | N81: Billedmålt på Which?-foto: nederste VESA-hul 19,1 cm fra underkant, målt ud fra VESA 300×200 som skala. Usikkerhed ca. ±1 cm.
A82: LG | B82: OLED B6 | C82: OLED B6 | D82: OLED77B6ELC, OLED77B68LA, OLED77B6, OLED77B66LA | E82: 77 | F82: 2026 | G82: 98.9 | H82: 300 | I82: 200 | J82: 19.1 | K82: =IF(ISNUMBER(J82),J82+I82/10,"") | L82: billedmålt | M82: Which? | N82: Billedmålt på Which?-foto: nederste VESA-hul 19,1 cm fra underkant, målt ud fra VESA 300×200 som skala. Usikkerhed ca. ±1 cm. Billedkontrol (MediaMarkt): 19,4 cm. Billedkontrol (LG): 19,4 cm.
A83: LG | B83: OLED B6 | C83: OLED B65 | D83: OLED65B65LA | E83: 65 | F83: 2026 | G83: 83.2 | H83: 300 | I83: 200 | J83: 13.7 | K83: =IF(ISNUMBER(J83),J83+I83/10,"") | L83: billedmålt | M83: Which? | N83: Billedmålt på Which?-foto (lg-oled65b65la): nederste VESA-hul 13,7 cm fra underkant, målt ud fra VESA 300×200 som skala. Usikkerhed ca. ±1 cm.
A84: LG | B84: OLED B6 | C84: OLED B6 | D84: OLED65B6ELC, OLED65B6V, OLED65B66LA, OLED65B68LA, OLED65B6D, OLED65B6 | E84: 65 | F84: 2026 | G84: 83.2 | H84: 300 | I84: 200 | J84: 13.7 | K84: =IF(ISNUMBER(J84),J84+I84/10,"") | L84: billedmålt | M84: Which? | N84: Billedmålt på Which?-foto (lg-oled65b6elc): nederste VESA-hul 13,7 cm fra underkant, målt ud fra VESA 300×200 som skala. Usikkerhed ca. ±1 cm.
A85: LG | B85: OLED B6 | C85: OLED B65 | D85: OLED55B65LA | E85: 55 | F85: 2026 | G85: 70.8 | H85: 300 | I85: 200 | J85: 13.7 | K85: =IF(ISNUMBER(J85),J85+I85/10,"") | L85: billedmålt | M85: Which? | N85: Billedmålt på Which?-foto (lg-oled55b65la): nederste VESA-hul 13,7 cm fra underkant, målt ud fra VESA 300×200 som skala. Usikkerhed ca. ±1 cm.
A86: LG | B86: OLED B6 | C86: OLED B6 | D86: OLED55B6ELC, OLED55B6V, OLED55B68LA, OLED55B66LA, OLED55B6D, OLED55B6 | E86: 55 | F86: 2026 | G86: 70.8 | H86: 300 | I86: 200 | J86: 13.7 | K86: =IF(ISNUMBER(J86),J86+I86/10,"") | L86: billedmålt | M86: Which? | N86: Billedmålt på Which?-foto (lg-oled55b6elc): nederste VESA-hul 13,7 cm fra underkant, målt ud fra VESA 300×200 som skala. Usikkerhed ca. ±1 cm.
A87: LG | B87: OLED B6 | C87: OLED B65 | D87: OLED48B65LA, OLED48B6ELC, OLED48B68LA, OLED48B66LA | E87: 48 | F87: 2026 | G87: 62 | H87: 300 | I87: 200 | J87: 13.7 | K87: =IF(ISNUMBER(J87),J87+I87/10,"") | L87: billedmålt | M87: Which? | N87: Billedmålt på Which?-foto (lg-oled48b65la): nederste VESA-hul 13,7 cm fra underkant, målt ud fra VESA 300×200 som skala. Usikkerhed ca. ±1 cm. Billedkontrol (Elgiganten): 14,3 cm.
A88: LG | B88: OLED C1 | C88: OLED C14 | D88: OLED55C14LB, OLED55C15LA, OLED55C16LA, OLED55C17LB, OLED55C11LB, OLED55C18LA, OLED55C19LA | E88: 55 | F88: 2021 | G88: 70.6 | H88: 300 | I88: 200 | J88: 13.9 | K88: =IF(ISNUMBER(J88),J88+I88/10,"") | L88: billedmålt | M88: LG | N88: Billedmålt på LG-foto: nederste VESA-hul 13,9 cm fra underkant, målt ud fra VESA 300×200 som skala. Usikkerhed ca. ±1 cm.
A89: LG | B89: OLED C1 | C89: OLED C1 (2021) | D89: OLED48C14LB, OLED48C1, OLED48C15LA, OLED48C18LA, OLED48C16LA, OLED48C17LB, OLED48C19LA | E89: 48 | F89: 2021 | G89: 61.5 | H89: 300 | I89: 200 | J89: 13.5 | K89: =IF(ISNUMBER(J89),J89+I89/10,"") | L89: kundemålt | N89: Kundemålt 20/7-2026 (huller 13,5 og 33 cm fra underkant).
A90: LG | B90: OLED C2 | C90: OLED C24 | D90: OLED83C24LA, OLED83C21LA, OLED83C29LA, OLED83C26LA, OLED83C27LA | E90: 83 | F90: 2022 | G90: 106.2 | H90: 400 | I90: 400 | J90: 10.5 | K90: =IF(ISNUMBER(J90),J90+I90/10,"") | L90: billedmålt | M90: LG | N90: Billedmålt på LG-foto: nederste VESA-hul 10,5 cm fra underkant, målt ud fra VESA 400×400 som skala. Usikkerhed ca. ±1 cm.
A91: LG | B91: OLED C2 | C91: OLED C24 | D91: OLED77C24LA, OLED77C27LA, OLED77C25LB, OLED77C29LD, OLED77C28LB, OLED77C22LB | E91: 77 | F91: 2022 | G91: 98.2 | H91: 300 | I91: 200 | K91: =IF(ISNUMBER(J91),J91+I91/10,"") | L91: estimat
A92: LG | B92: OLED C2 | C92: OLED C26 | D92: OLED77C26LD | E92: 77 | F92: 2022 | G92: 98.2 | H92: 300 | I92: 200 | K92: =IF(ISNUMBER(J92),J92+I92/10,"") | L92: estimat
A93: LG | B93: OLED C2 | C93: OLED C24 | D93: OLED65C24LA, OLED65C2SW, OLED65C22LB, OLED65C28LB, OLED65C25LB, OLED65C29LD, OLED65C27LA | E93: 65 | F93: 2022 | G93: 82.6 | H93: 300 | I93: 200 | J93: 21.9 | K93: =IF(ISNUMBER(J93),J93+I93/10,"") | L93: billedmålt | M93: LG | N93: Billedmålt på LG-foto: nederste VESA-hul 21,9 cm fra underkant, målt ud fra VESA 300×200 som skala. Usikkerhed ca. ±1 cm.
A94: LG | B94: OLED C2 | C94: OLED C26 | D94: OLED65C26LD | E94: 65 | F94: 2022 | G94: 82.6 | H94: 300 | I94: 200 | J94: 21.9 | K94: =IF(ISNUMBER(J94),J94+I94/10,"") | L94: samme bagside | M94: LG | N94: Samme serie, årgang, størrelse og VESA som OLED65C24LA (21,9 cm). Regional variant med samme bagside.
A95: LG | B95: OLED C2 | C95: OLED C24 | D95: OLED55C24LA, OLED55C25LB, OLED55C22LB, OLED55C27LA, OLED55C29LD, OLED55C28LB | E95: 55 | F95: 2022 | G95: 70.3 | H95: 300 | I95: 200 | J95: 21.7 | K95: =IF(ISNUMBER(J95),J95+I95/10,"") | L95: billedmålt | M95: LG | N95: Billedmålt på LG-foto: nederste VESA-hul 21,7 cm fra underkant, målt ud fra VESA 300×200 som skala. Usikkerhed ca. ±1 cm.
A96: LG | B96: OLED C2 | C96: OLED C26 | D96: OLED55C26LD | E96: 55 | F96: 2022 | G96: 70.3 | H96: 300 | I96: 200 | J96: 21.7 | K96: =IF(ISNUMBER(J96),J96+I96/10,"") | L96: samme bagside | M96: LG | N96: Samme serie, årgang, størrelse og VESA som OLED55C24LA (21,7 cm). Regional variant med samme bagside.
A97: LG | B97: OLED C2 | C97: OLED evo C2 | D97: OLED48C24LA, OLED48C26LA, OLED48C25LB, OLED48C22LB, OLED48C27LA, OLED48C29LB, OLED48C28LB | E97: 48 | F97: 2022 | G97: 62 | H97: 300 | I97: 200 | K97: =IF(ISNUMBER(J97),J97+I97/10,"") | L97: estimat
A98: LG | B98: OLED C2 | C98: OLED C26 | D98: OLED48C26LB | E98: 48 | F98: 2022 | G98: 62 | H98: 300 | I98: 200 | K98: =IF(ISNUMBER(J98),J98+I98/10,"") | L98: estimat
A99: LG | B99: OLED C2 | C99: OLED C24 | D99: OLED42C24LA, OLED42C26LB, OLED42C21LA, OLED42C27LA, OLED42C29LB | E99: 42 | F99: 2022 | G99: 54 | H99: 300 | I99: 200 | J99: 19.9 | K99: =IF(ISNUMBER(J99),J99+I99/10,"") | L99: billedmålt | M99: LG | N99: Billedmålt på LG-foto: nederste VESA-hul 19,9 cm fra underkant, målt ud fra VESA 300×200 som skala. Usikkerhed ca. ±1 cm.
A100: LG | B100: OLED C3 | C100: OLED C34 | D100: OLED83C34LA, OLED83C36LA, OLED83C39LA, OLED83C31LA, OLED83C37LA | E100: 83 | F100: 2023 | G100: 106.2 | H100: 400 | I100: 400 | J100: 10.8 | K100: =IF(ISNUMBER(J100),J100+I100/10,"") | L100: producentens mål | M100: LG-tegning 2023 | N100: Hulplacering fra LG's officielle bagside-tegning 2023 (OLEDC3 83″, X1 = 108 mm). Højde og VESA fra LG's side. Billedkontrol (LG): 10,5 cm.
...

Sheet Om listen
A1: Tv-listen bag tv-højde-værktøjet
A2: Opdateret 22/10-2026. Højde og VESA er producenternes tal. Hulplaceringen kommer fra kilderne nedenfor.
A3: Sådan bruges den: underkant på stander = standerens øverste hul − (position − 1) × 2,5 cm − 'Øverste hul over underkant'. Overkant = underkant + højde.
A4: Er kilderne uenige om VESA, gælder i denne rækkefølge: kundemåling, LG's tegning, hulmønstret på fotoet, LG's produktside, Icecat.
A6: Kildetype | B6: Antal tv | C6: Hvad det betyder | D6: Usikkerhed
A7: kundemålt | B7: =COUNTIF('Tv-listen'!$L$2:$L$803,A7) | C7: Målt med tommestok af en kunde eller kollega. | D7: ca. ±0,5 cm (skøn)
A8: producentens mål | B8: =COUNTIF('Tv-listen'!$L$2:$L$803,A8) | C8: LG's officielle bagside-tegning (2023-modeller) og Sonys måltabeller (2022-modeller). | D8: producentens egne mm-mål
A9: billedmålt | B9: =COUNTIF('Tv-listen'!$L$2:$L$803,A9) | C9: Målt på et lige bagside-foto (Which?, LG, Icecat, MediaMarkt, Elgiganten) med VESA-hullerne som målestok. | D9: ca. ±1 cm
A10: 3D-model | B10: =COUNTIF('Tv-listen'!$L$2:$L$803,A10) | C10: Målt på Samsungs egen 3D-model af tv'et fra samsung.com. | D10: ca. ±1,5 cm
A11: samme bagside | B11: =COUNTIF('Tv-listen'!$L$2:$L$803,A11) | C11: Regional variant af et målt tv: samme serie, årgang, størrelse og VESA. | D11: som det målte tv
A12: reference | B12: =COUNTIF('Tv-listen'!$L$2:$L$803,A12) | C12: Fra Equals' måltabel. | D12: ca. ±1 cm
A13: estimat | B13: =COUNTIF('Tv-listen'!$L$2:$L$803,A13) | C13: Ingen målt placering. Værktøjet estimerer ud fra mærke. | D13: op til 10 cm
A14: I alt | B14: =SUM(B7:B13) | C14: Tv-listen har 802 rækker.
